Date:  14:13, Friday, November 04, 2022
Model name: 3DhoneyAssem
Study name: StarHoneycomb(-Default-)
Plot type: Static displacement Displacement2
Result Type: UY 


Node  ,Value (mm)  ,X (mm)  ,Y (mm)  ,Z (mm)  ,Components
1  ,1.622e-01  ,220.00000000  ,100.00000000  ,0.00000000  ,AirfoilBacking-1
2  ,1.615e-01  ,220.00000000  ,-0.00000000  ,0.00000000  ,AirfoilBacking-1
3  ,1.549e-01  ,220.00000000  ,-0.00000000  ,-1.00000000  ,AirfoilBacking-1
4  ,1.650e-01  ,220.00000000  ,100.00000000  ,-1.00000000  ,AirfoilBacking-1
5  ,-6.296e-06  ,-20.00000000  ,-0.00000000  ,0.00000000  ,AirfoilBacking-1
6  ,2.801e-05  ,-20.00000000  ,-0.00000000  ,-1.00000000  ,AirfoilBacking-1
7  ,-1.122e-04  ,-20.00000000  ,100.00000000  ,0.00000000  ,AirfoilBacking-1
8  ,-1.910e-04  ,-20.00000000  ,100.00000000  ,-1.00000000  ,AirfoilBacking-1
151  ,1.615e-01  ,214.77484131  ,-0.00000000  ,0.00000000  ,AirfoilBacking-1
152  ,1.616e-01  ,210.21527100  ,-0.00000000  ,0.00000000  ,AirfoilBacking-1
153  ,1.634e-01  ,205.60508728  ,-0.00000000  ,0.00000000  ,AirfoilBacking-1
154  ,1.587e-01  ,200.32812500  ,-0.00000000  ,0.00000000  ,AirfoilBacking-1
155  ,1.387e+00  ,193.82582092  ,-0.00000000  ,0.00000000  ,AirfoilBacking-1
156  ,1.412e+00  ,184.84637451  ,-0.00000000  ,0.00000000  ,AirfoilBacking-1
157  ,1.721e-01  ,172.38967896  ,-0.00000000  ,0.00000000  ,AirfoilBacking-1
158  ,9.973e-01  ,156.92959595  ,-0.00000000  ,0.00000000  ,AirfoilBacking-1
159  ,1.295e+00  ,140.57739258  ,-0.00000000  ,0.00000000  ,AirfoilBacking-1
160  ,-2.709e-02  ,124.22519684  ,-0.00000000  ,0.00000000  ,AirfoilBacking-1
161  ,1.180e+00  ,107.87300110  ,-0.00000000  ,0.00000000  ,AirfoilBacking-1
162  ,1.191e+00  ,91.52080536  ,-0.00000000  ,0.00000000  ,AirfoilBacking-1
163  ,-1.170e-01  ,75.16860962  ,-0.00000000  ,0.00000000  ,AirfoilBacking-1
164  ,1.164e+00  ,58.81641006  ,-0.00000000  ,0.00000000  ,AirfoilBacking-1
165  ,9.769e-01  ,42.46421432  ,-0.00000000  ,0.00000000  ,AirfoilBacking-1
166  ,2.068e-03  ,27.19613266  ,-0.00000000  ,0.00000000  ,AirfoilBacking-1
167  ,1.229e+00  ,14.92917347  ,-0.00000000  ,0.00000000  ,AirfoilBacking-1
168  ,1.288e+00  ,6.02650881  ,-0.00000000  ,0.00000000  ,AirfoilBacking-1
169  ,-1.592e-02  ,-0.41767395  ,-0.00000000  ,0.00000000  ,AirfoilBacking-1
170  ,-4.610e-04  ,-5.67852688  ,-0.00000000  ,0.00000000  ,AirfoilBacking-1
171  ,7.872e-05  ,-10.28032017  ,-0.00000000  ,0.00000000  ,AirfoilBacking-1
172  ,8.019e-05  ,-14.82869720  ,-0.00000000  ,0.00000000  ,AirfoilBacking-1
173  ,1.384e-01  ,214.77748108  ,-0.00000000  ,-1.00000000  ,AirfoilBacking-1
174  ,1.314e-01  ,210.21910095  ,-0.00000000  ,-1.00000000  ,AirfoilBacking-1
175  ,1.465e-01  ,205.61096191  ,-0.00000000  ,-1.00000000  ,AirfoilBacking-1
176  ,2.414e-01  ,200.34069824  ,-0.00000000  ,-1.00000000  ,AirfoilBacking-1
177  ,1.410e+00  ,193.84896851  ,-0.00000000  ,-1.00000000  ,AirfoilBacking-1
178  ,1.411e+00  ,184.88668823  ,-0.00000000  ,-1.00000000  ,AirfoilBacking-1
179  ,1.617e-01  ,172.43930054  ,-0.00000000  ,-1.00000000  ,AirfoilBacking-1
180  ,1.011e+00  ,156.97659302  ,-0.00000000  ,-1.00000000  ,AirfoilBacking-1
181  ,1.277e+00  ,140.63186646  ,-0.00000000  ,-1.00000000  ,AirfoilBacking-1
182  ,-2.559e-02  ,124.28713989  ,-0.00000000  ,-1.00000000  ,AirfoilBacking-1
183  ,1.172e+00  ,107.94242096  ,-0.00000000  ,-1.00000000  ,AirfoilBacking-1
184  ,1.194e+00  ,91.59769440  ,-0.00000000  ,-1.00000000  ,AirfoilBacking-1
185  ,-1.274e-01  ,75.25296783  ,-0.00000000  ,-1.00000000  ,AirfoilBacking-1
186  ,1.150e+00  ,58.90824127  ,-0.00000000  ,-1.00000000  ,AirfoilBacking-1
187  ,9.712e-01  ,42.56351852  ,-0.00000000  ,-1.00000000  ,AirfoilBacking-1
188  ,4.322e-02  ,27.28661346  ,-0.00000000  ,-1.00000000  ,AirfoilBacking-1
189  ,1.227e+00  ,14.98500729  ,-0.00000000  ,-1.00000000  ,AirfoilBacking-1
190  ,1.273e+00  ,6.04463577  ,-0.00000000  ,-1.00000000  ,AirfoilBacking-1
191  ,9.970e-02  ,-0.41758224  ,-0.00000000  ,-1.00000000  ,AirfoilBacking-1
192  ,1.041e-02  ,-5.68517685  ,-0.00000000  ,-1.00000000  ,AirfoilBacking-1
193  ,2.030e-03  ,-10.28745651  ,-0.00000000  ,-1.00000000  ,AirfoilBacking-1
194  ,3.659e-04  ,-14.83918095  ,-0.00000000  ,-1.00000000  ,AirfoilBacking-1
229  ,-1.633e-04  ,-14.61775398  ,100.00000000  ,0.00000000  ,AirfoilBacking-1
230  ,-2.619e-04  ,-9.89494324  ,100.00000000  ,0.00000000  ,AirfoilBacking-1
231  ,-5.165e-04  ,-5.31047344  ,100.00000000  ,0.00000000  ,AirfoilBacking-1
232  ,-4.808e-02  ,-0.02153429  ,100.00000000  ,0.00000000  ,AirfoilBacking-1
233  ,-1.307e+00  ,6.52021646  ,100.00000000  ,0.00000000  ,AirfoilBacking-1
234  ,-1.210e+00  ,15.54394531  ,100.00000000  ,0.00000000  ,AirfoilBacking-1
235  ,-5.635e-02  ,28.00489235  ,100.00000000  ,0.00000000  ,AirfoilBacking-1
236  ,-7.778e-01  ,43.39737701  ,100.00000000  ,0.00000000  ,AirfoilBacking-1
237  ,-1.148e+00  ,59.73218536  ,100.00000000  ,0.00000000  ,AirfoilBacking-1
238  ,1.402e-01  ,76.06698608  ,100.00000000  ,0.00000000  ,AirfoilBacking-1
239  ,-9.755e-01  ,92.40179443  ,100.00000000  ,0.00000000  ,AirfoilBacking-1
240  ,-1.099e+00  ,108.73659515  ,100.00000000  ,0.00000000  ,AirfoilBacking-1
241  ,2.445e-01  ,125.07140350  ,100.00000000  ,0.00000000  ,AirfoilBacking-1
242  ,-9.936e-01  ,141.40620422  ,100.00000000  ,0.00000000  ,AirfoilBacking-1
243  ,-8.956e-01  ,157.74101257  ,100.00000000  ,0.00000000  ,AirfoilBacking-1
244  ,1.431e-01  ,172.99040222  ,100.00000000  ,0.00000000  ,AirfoilBacking-1
245  ,-1.095e+00  ,185.18344116  ,100.00000000  ,0.00000000  ,AirfoilBacking-1
246  ,-1.133e+00  ,193.98783875  ,100.00000000  ,0.00000000  ,AirfoilBacking-1
247  ,1.689e-01  ,200.39462280  ,100.00000000  ,0.00000000  ,AirfoilBacking-1
248  ,1.593e-01  ,205.63903809  ,100.00000000  ,0.00000000  ,AirfoilBacking-1
249  ,1.616e-01  ,210.23953247  ,100.00000000  ,0.00000000  ,AirfoilBacking-1
250  ,1.617e-01  ,214.78247070  ,100.00000000  ,0.00000000  ,AirfoilBacking-1
251  ,-6.441e-04  ,-14.62831879  ,100.00000000  ,-1.00000000  ,AirfoilBacking-1
252  ,-1.623e-03  ,-9.89825249  ,100.00000000  ,-1.00000000  ,AirfoilBacking-1
253  ,-9.184e-03  ,-5.30660629  ,100.00000000  ,-1.00000000  ,AirfoilBacking-1
254  ,-1.516e-01  ,-0.01513537  ,100.00000000  ,-1.00000000  ,AirfoilBacking-1
255  ,-1.294e+00  ,6.52813816  ,100.00000000  ,-1.00000000  ,AirfoilBacking-1
256  ,-1.198e+00  ,15.55172920  ,100.00000000  ,-1.00000000  ,AirfoilBacking-1
257  ,-9.143e-02  ,28.01549530  ,100.00000000  ,-1.00000000  ,AirfoilBacking-1
258  ,-7.961e-01  ,43.41113281  ,100.00000000  ,-1.00000000  ,AirfoilBacking-1
259  ,-1.128e+00  ,59.74555969  ,100.00000000  ,-1.00000000  ,AirfoilBacking-1
260  ,1.110e-01  ,76.07998657  ,100.00000000  ,-1.00000000  ,AirfoilBacking-1
261  ,-9.939e-01  ,92.41441345  ,100.00000000  ,-1.00000000  ,AirfoilBacking-1
262  ,-1.078e+00  ,108.74884796  ,100.00000000  ,-1.00000000  ,AirfoilBacking-1
263  ,2.261e-01  ,125.08326721  ,100.00000000  ,-1.00000000  ,AirfoilBacking-1
264  ,-1.002e+00  ,141.41769409  ,100.00000000  ,-1.00000000  ,AirfoilBacking-1
265  ,-8.938e-01  ,157.75212097  ,100.00000000  ,-1.00000000  ,AirfoilBacking-1
266  ,1.595e-01  ,172.99533081  ,100.00000000  ,-1.00000000  ,AirfoilBacking-1
267  ,-1.107e+00  ,185.18444824  ,100.00000000  ,-1.00000000  ,AirfoilBacking-1
268  ,-1.112e+00  ,193.98866272  ,100.00000000  ,-1.00000000  ,AirfoilBacking-1
269  ,3.818e-02  ,200.39526367  ,100.00000000  ,-1.00000000  ,AirfoilBacking-1
270  ,1.783e-01  ,205.63967896  ,100.00000000  ,-1.00000000  ,AirfoilBacking-1
271  ,1.915e-01  ,210.23982239  ,100.00000000  ,-1.00000000  ,AirfoilBacking-1
272  ,1.897e-01  ,214.78254700  ,100.00000000  ,-1.00000000  ,AirfoilBacking-1
1125  ,-9.935e-01  ,3.25254059  ,100.00000000  ,-0.50000000  ,AirfoilBacking-1
1126  ,-9.924e-01  ,3.25650144  ,100.00000000  ,-1.00000000  ,AirfoilBacking-1
1127  ,-1.300e+00  ,6.52417707  ,100.00000000  ,-0.50000000  ,AirfoilBacking-1
1159  ,1.518e-01  ,172.99285889  ,100.00000000  ,-0.50000000  ,AirfoilBacking-1
1163  ,-7.802e-02  ,28.01019287  ,100.00000000  ,-0.50000000  ,AirfoilBacking-1
1164  ,-1.092e+00  ,35.70643997  ,100.00000000  ,-0.50000000  ,AirfoilBacking-1
1165  ,-1.090e+00  ,35.70113373  ,100.00000000  ,0.00000000  ,AirfoilBacking-1
1173  ,-1.203e+00  ,15.54783726  ,100.00000000  ,-0.50000000  ,AirfoilBacking-1
1174  ,-1.566e-01  ,21.77831078  ,100.00000000  ,-0.50000000  ,AirfoilBacking-1
1175  ,-1.594e-01  ,21.77441788  ,100.00000000  ,0.00000000  ,AirfoilBacking-1
1313  ,-7.491e-03  ,-2.66600394  ,100.00000000  ,0.00000000  ,AirfoilBacking-1
1316  ,-1.154e-01  ,-0.01833483  ,100.00000000  ,-0.50000000  ,AirfoilBacking-1
1379  ,1.089e+00  ,34.92506409  ,-0.00000000  ,-1.00000000  ,AirfoilBacking-1
1440  ,-1.318e+00  ,11.03604221  ,100.00000000  ,-0.50000000  ,AirfoilBacking-1
1441  ,-1.318e+00  ,11.03993320  ,100.00000000  ,-1.00000000  ,AirfoilBacking-1
1446  ,-1.323e+00  ,11.03208065  ,100.00000000  ,0.00000000  ,AirfoilBacking-1
1572  ,1.158e+00  ,58.86232758  ,-0.00000000  ,-0.50000000  ,AirfoilBacking-1
1573  ,-1.724e-02  ,50.73587799  ,-0.00000000  ,-1.00000000  ,AirfoilBacking-1
1574  ,-1.379e-02  ,50.68996429  ,-0.00000000  ,-0.50000000  ,AirfoilBacking-1
1577  ,-1.138e+00  ,59.73887634  ,100.00000000  ,-0.50000000  ,AirfoilBacking-1
1578  ,-5.669e-01  ,67.90627289  ,100.00000000  ,-0.50000000  ,AirfoilBacking-1
1579  ,-5.599e-01  ,67.89958191  ,100.00000000  ,0.00000000  ,AirfoilBacking-1
1583  ,1.261e-01  ,76.07348633  ,100.00000000  ,-0.50000000  ,AirfoilBacking-1
1588  ,-9.866e-01  ,92.40810394  ,100.00000000  ,-0.50000000  ,AirfoilBacking-1
1589  ,5.855e-02  ,100.57550812  ,100.00000000  ,-0.50000000  ,AirfoilBacking-1
1590  ,7.997e-02  ,100.56919861  ,100.00000000  ,0.00000000  ,AirfoilBacking-1
1597  ,-1.059e+00  ,84.24089050  ,100.00000000  ,-0.50000000  ,AirfoilBacking-1
1805  ,1.082e+00  ,34.87541580  ,-0.00000000  ,-0.50000000  ,AirfoilBacking-1
1806  ,2.464e-02  ,27.24137306  ,-0.00000000  ,-0.50000000  ,AirfoilBacking-1
1807  ,1.080e+00  ,34.83017349  ,-0.00000000  ,0.00000000  ,AirfoilBacking-1
1944  ,-9.487e-04  ,-12.25800323  ,100.00000000  ,-0.50000000  ,AirfoilBacking-1
1945  ,-1.567e-03  ,-9.89659786  ,100.00000000  ,-0.50000000  ,AirfoilBacking-1
1946  ,-7.133e-05  ,-12.25634861  ,100.00000000  ,0.00000000  ,AirfoilBacking-1
2187  ,1.194e+00  ,91.55924988  ,-0.00000000  ,-0.50000000  ,AirfoilBacking-1
2188  ,9.673e-01  ,83.42533112  ,-0.00000000  ,-1.00000000  ,AirfoilBacking-1
2189  ,9.602e-01  ,83.38688660  ,-0.00000000  ,-0.50000000  ,AirfoilBacking-1
2198  ,8.509e-01  ,67.03842163  ,-0.00000000  ,-0.50000000  ,AirfoilBacking-1
2241  ,-1.503e-01  ,21.78361320  ,100.00000000  ,-1.00000000  ,AirfoilBacking-1
2256  ,1.416e-01  ,203.01715088  ,100.00000000  ,-0.50000000  ,AirfoilBacking-1
2271  ,1.802e-01  ,207.93959045  ,100.00000000  ,-0.50000000  ,AirfoilBacking-1
2272  ,1.856e-01  ,207.93974304  ,100.00000000  ,-1.00000000  ,AirfoilBacking-1
2273  ,1.823e-01  ,210.23968506  ,100.00000000  ,-0.50000000  ,AirfoilBacking-1
2361  ,1.835e-01  ,212.51115417  ,100.00000000  ,-0.50000000  ,AirfoilBacking-1
2362  ,1.916e-01  ,212.51118469  ,100.00000000  ,-1.00000000  ,AirfoilBacking-1
2363  ,1.813e-01  ,214.78250122  ,100.00000000  ,-0.50000000  ,AirfoilBacking-1
2367  ,1.636e-01  ,217.39123535  ,100.00000000  ,0.00000000  ,AirfoilBacking-1
2368  ,1.764e-01  ,217.39128113  ,100.00000000  ,-0.50000000  ,AirfoilBacking-1
2665  ,1.617e-01  ,212.51100159  ,100.00000000  ,0.00000000  ,AirfoilBacking-1
2675  ,1.679e-01  ,172.41448975  ,-0.00000000  ,-0.50000000  ,AirfoilBacking-1
2676  ,1.225e+00  ,164.70796204  ,-0.00000000  ,-1.00000000  ,AirfoilBacking-1
2677  ,1.230e+00  ,164.68313599  ,-0.00000000  ,-0.50000000  ,AirfoilBacking-1
2683  ,1.411e+00  ,184.86653137  ,-0.00000000  ,-0.50000000  ,AirfoilBacking-1
2684  ,3.673e-01  ,178.66299438  ,-0.00000000  ,-1.00000000  ,AirfoilBacking-1
2685  ,3.523e-01  ,178.64283752  ,-0.00000000  ,-0.50000000  ,AirfoilBacking-1
2784  ,1.229e+00  ,14.95709038  ,-0.00000000  ,-0.50000000  ,AirfoilBacking-1
2785  ,1.302e+00  ,10.51482201  ,-0.00000000  ,-1.00000000  ,AirfoilBacking-1
2786  ,1.301e+00  ,10.48690414  ,-0.00000000  ,-0.50000000  ,AirfoilBacking-1
2848  ,-2.269e-04  ,-17.31415749  ,100.00000000  ,-0.50000000  ,AirfoilBacking-1
2849  ,-5.589e-04  ,-14.62303638  ,100.00000000  ,-0.50000000  ,AirfoilBacking-1
2850  ,-1.120e-04  ,-17.30887604  ,100.00000000  ,0.00000000  ,AirfoilBacking-1
2903  ,1.820e-01  ,217.39128113  ,100.00000000  ,-1.00000000  ,AirfoilBacking-1
2960  ,1.476e-01  ,203.01747131  ,100.00000000  ,-1.00000000  ,AirfoilBacking-1
2961  ,1.730e-01  ,205.63935852  ,100.00000000  ,-0.50000000  ,AirfoilBacking-1
2969  ,-7.528e-01  ,197.19195557  ,100.00000000  ,-1.00000000  ,AirfoilBacking-1
3039  ,1.411e-01  ,210.21717834  ,-0.00000000  ,-0.50000000  ,AirfoilBacking-1
3040  ,1.370e-01  ,207.91503906  ,-0.00000000  ,-1.00000000  ,AirfoilBacking-1
3041  ,1.410e-01  ,207.91311646  ,-0.00000000  ,-0.50000000  ,AirfoilBacking-1
3311  ,1.560e-01  ,220.00000000  ,-0.00000000  ,-0.50000000  ,AirfoilBacking-1
3325  ,1.409e-01  ,212.49696350  ,-0.00000000  ,-0.50000000  ,AirfoilBacking-1
3368  ,-1.224e-01  ,75.21078491  ,-0.00000000  ,-0.50000000  ,AirfoilBacking-1
3369  ,9.637e-01  ,83.34471130  ,-0.00000000  ,0.00000000  ,AirfoilBacking-1
3485  ,-1.124e+00  ,193.98825073  ,100.00000000  ,-0.50000000  ,AirfoilBacking-1
3486  ,-7.579e-01  ,197.19163513  ,100.00000000  ,-0.50000000  ,AirfoilBacking-1
3487  ,-7.539e-01  ,197.19122314  ,100.00000000  ,0.00000000  ,AirfoilBacking-1
3490  ,-5.260e-03  ,-7.60436344  ,100.00000000  ,-0.50000000  ,AirfoilBacking-1
3491  ,-1.233e-04  ,-7.60270834  ,100.00000000  ,0.00000000  ,AirfoilBacking-1
3493  ,-5.455e-03  ,-7.60242939  ,100.00000000  ,-1.00000000  ,AirfoilBacking-1
3494  ,-7.343e-03  ,-5.30853939  ,100.00000000  ,-0.50000000  ,AirfoilBacking-1
3496  ,3.308e-01  ,178.61802673  ,-0.00000000  ,0.00000000  ,AirfoilBacking-1
3552  ,1.664e-01  ,202.97288513  ,-0.00000000  ,-0.50000000  ,AirfoilBacking-1
3553  ,2.140e-01  ,200.33441162  ,-0.00000000  ,-0.50000000  ,AirfoilBacking-1
3554  ,1.613e-01  ,202.96659851  ,-0.00000000  ,0.00000000  ,AirfoilBacking-1
3588  ,-1.059e+00  ,84.23439026  ,100.00000000  ,0.00000000  ,AirfoilBacking-1
3593  ,-1.090e+00  ,108.74272156  ,100.00000000  ,-0.50000000  ,AirfoilBacking-1
3608  ,1.666e-01  ,207.93928528  ,100.00000000  ,0.00000000  ,AirfoilBacking-1
3700  ,-2.897e-02  ,-2.66407037  ,100.00000000  ,-0.50000000  ,AirfoilBacking-1
3733  ,1.070e+00  ,197.08854675  ,-0.00000000  ,-0.50000000  ,AirfoilBacking-1
3734  ,1.401e+00  ,193.83740234  ,-0.00000000  ,-0.50000000  ,AirfoilBacking-1
3735  ,1.078e+00  ,197.07698059  ,-0.00000000  ,0.00000000  ,AirfoilBacking-1
3804  ,1.495e-01  ,205.60803223  ,-0.00000000  ,-0.50000000  ,AirfoilBacking-1
3938  ,-8.961e-01  ,157.74656677  ,100.00000000  ,-0.50000000  ,AirfoilBacking-1
3939  ,-9.559e-01  ,165.37126160  ,100.00000000  ,-0.50000000  ,AirfoilBacking-1
3940  ,-9.665e-01  ,165.36569214  ,100.00000000  ,0.00000000  ,AirfoilBacking-1
4002  ,9.756e-01  ,42.51386642  ,-0.00000000  ,-0.50000000  ,AirfoilBacking-1
4004  ,1.389e-04  ,-17.41959000  ,-0.00000000  ,-0.50000000  ,AirfoilBacking-1
4005  ,1.721e-04  ,-17.41959000  ,-0.00000000  ,-1.00000000  ,AirfoilBacking-1
4006  ,2.583e-05  ,-20.00000000  ,-0.00000000  ,-0.50000000  ,AirfoilBacking-1
4062  ,-7.891e-01  ,116.91606140  ,100.00000000  ,-1.00000000  ,AirfoilBacking-1
4106  ,-7.893e-01  ,43.40425491  ,100.00000000  ,-0.50000000  ,AirfoilBacking-1
4107  ,-2.977e-02  ,51.57165909  ,100.00000000  ,-0.50000000  ,AirfoilBacking-1
4108  ,-1.348e-03  ,51.56478119  ,100.00000000  ,0.00000000  ,AirfoilBacking-1
4117  ,-5.720e-01  ,67.91277313  ,100.00000000  ,-1.00000000  ,AirfoilBacking-1
4164  ,2.281e-01  ,21.09057045  ,-0.00000000  ,-0.50000000  ,AirfoilBacking-1
4165  ,2.268e-01  ,21.06265259  ,-0.00000000  ,0.00000000  ,AirfoilBacking-1
4250  ,9.505e-01  ,2.81352663  ,-0.00000000  ,-1.00000000  ,AirfoilBacking-1
4264  ,-1.198e-03  ,-12.26328564  ,100.00000000  ,-1.00000000  ,AirfoilBacking-1
4296  ,1.487e+00  ,189.35626221  ,-0.00000000  ,-0.50000000  ,AirfoilBacking-1
4297  ,1.486e+00  ,189.33609009  ,-0.00000000  ,0.00000000  ,AirfoilBacking-1
4303  ,1.007e+00  ,156.95309448  ,-0.00000000  ,-0.50000000  ,AirfoilBacking-1
4304  ,1.363e-01  ,148.80422974  ,-0.00000000  ,-1.00000000  ,AirfoilBacking-1
4305  ,1.417e-01  ,148.78073120  ,-0.00000000  ,-0.50000000  ,AirfoilBacking-1
4311  ,-1.752e-04  ,-20.00000000  ,100.00000000  ,-0.50000000  ,AirfoilBacking-1
4319  ,-1.448e-07  ,-17.41434860  ,-0.00000000  ,0.00000000  ,AirfoilBacking-1
4320  ,3.176e-04  ,-14.83393860  ,-0.00000000  ,-0.50000000  ,AirfoilBacking-1
4340  ,-7.832e-01  ,116.91013336  ,100.00000000  ,-0.50000000  ,AirfoilBacking-1
4341  ,-7.792e-01  ,116.90400696  ,100.00000000  ,0.00000000  ,AirfoilBacking-1
4436  ,9.483e-02  ,200.39492798  ,100.00000000  ,-0.50000000  ,AirfoilBacking-1
4437  ,1.618e-01  ,203.01681519  ,100.00000000  ,0.00000000  ,AirfoilBacking-1
4445  ,8.446e-01  ,67.08060455  ,-0.00000000  ,-1.00000000  ,AirfoilBacking-1
4479  ,-1.164e+00  ,189.58613586  ,100.00000000  ,-0.50000000  ,AirfoilBacking-1
4480  ,-1.160e+00  ,189.58654785  ,100.00000000  ,-1.00000000  ,AirfoilBacking-1
4493  ,-1.066e-01  ,179.08938599  ,100.00000000  ,-0.50000000  ,AirfoilBacking-1
4494  ,-8.732e-02  ,179.08692932  ,100.00000000  ,0.00000000  ,AirfoilBacking-1
4507  ,-4.207e-02  ,51.57834625  ,100.00000000  ,-1.00000000  ,AirfoilBacking-1
4509  ,-1.098e+00  ,35.71331406  ,100.00000000  ,-1.00000000  ,AirfoilBacking-1
4552  ,-9.885e-01  ,3.24934101  ,100.00000000  ,0.00000000  ,AirfoilBacking-1
4554  ,1.280e+00  ,6.03557205  ,-0.00000000  ,-0.50000000  ,AirfoilBacking-1
4555  ,1.306e+00  ,10.47784042  ,-0.00000000  ,0.00000000  ,AirfoilBacking-1
4573  ,-1.102e+00  ,185.18394470  ,100.00000000  ,-0.50000000  ,AirfoilBacking-1
4574  ,-1.161e+00  ,189.58563232  ,100.00000000  ,0.00000000  ,AirfoilBacking-1
4576  ,-1.209e-01  ,179.08988953  ,100.00000000  ,-1.00000000  ,AirfoilBacking-1
4583  ,1.481e-01  ,217.38874817  ,-0.00000000  ,-0.50000000  ,AirfoilBacking-1
4693  ,-4.699e-05  ,-12.55450821  ,-0.00000000  ,0.00000000  ,AirfoilBacking-1
4703  ,5.955e-02  ,99.73535156  ,-0.00000000  ,-0.50000000  ,AirfoilBacking-1
4706  ,1.147e+00  ,116.08380890  ,-0.00000000  ,-0.50000000  ,AirfoilBacking-1
4715  ,1.492e+00  ,189.36782837  ,-0.00000000  ,-1.00000000  ,AirfoilBacking-1
4716  ,1.053e+00  ,197.09483337  ,-0.00000000  ,-1.00000000  ,AirfoilBacking-1
4755  ,6.204e-02  ,100.58163452  ,100.00000000  ,-1.00000000  ,AirfoilBacking-1
4783  ,1.478e-01  ,149.57934570  ,100.00000000  ,-0.50000000  ,AirfoilBacking-1
4784  ,1.404e-01  ,149.58491516  ,100.00000000  ,-1.00000000  ,AirfoilBacking-1
4798  ,1.431e-01  ,217.38874817  ,-0.00000000  ,-1.00000000  ,AirfoilBacking-1
4799  ,1.441e-01  ,214.77615356  ,-0.00000000  ,-0.50000000  ,AirfoilBacking-1
4800  ,1.595e-01  ,217.38742065  ,-0.00000000  ,0.00000000  ,AirfoilBacking-1
4862  ,1.668e-01  ,220.00000000  ,100.00000000  ,-0.50000000  ,AirfoilBacking-1
4883  ,-3.518e-02  ,50.64031601  ,-0.00000000  ,0.00000000  ,AirfoilBacking-1
4907  ,1.177e+00  ,107.90771484  ,-0.00000000  ,-0.50000000  ,AirfoilBacking-1
4908  ,6.525e-02  ,99.77005768  ,-0.00000000  ,-1.00000000  ,AirfoilBacking-1
4914  ,-2.653e-02  ,124.25617218  ,-0.00000000  ,-0.50000000  ,AirfoilBacking-1
4915  ,1.138e+00  ,116.11477661  ,-0.00000000  ,-1.00000000  ,AirfoilBacking-1
4924  ,-2.529e-04  ,-17.31415749  ,100.00000000  ,-1.00000000  ,AirfoilBacking-1
4953  ,7.552e-01  ,132.43226624  ,-0.00000000  ,-0.50000000  ,AirfoilBacking-1
4954  ,7.313e-01  ,132.40129089  ,-0.00000000  ,0.00000000  ,AirfoilBacking-1
5051  ,-8.052e-01  ,133.24473572  ,100.00000000  ,-0.50000000  ,AirfoilBacking-1
5052  ,-8.095e-01  ,133.25047302  ,100.00000000  ,-1.00000000  ,AirfoilBacking-1
5053  ,-9.983e-01  ,141.41195679  ,100.00000000  ,-0.50000000  ,AirfoilBacking-1
5064  ,-1.060e+00  ,84.24720001  ,100.00000000  ,-1.00000000  ,AirfoilBacking-1
5069  ,1.773e-03  ,-10.28388786  ,-0.00000000  ,-0.50000000  ,AirfoilBacking-1
5090  ,1.612e-01  ,149.57360840  ,100.00000000  ,0.00000000  ,AirfoilBacking-1
5124  ,9.452e-01  ,2.80446315  ,-0.00000000  ,-0.50000000  ,AirfoilBacking-1
5125  ,6.591e-02  ,-0.41762808  ,-0.00000000  ,-0.50000000  ,AirfoilBacking-1
5126  ,9.457e-01  ,2.80441737  ,-0.00000000  ,0.00000000  ,AirfoilBacking-1
5129  ,3.765e-02  ,-3.04805470  ,-0.00000000  ,-0.50000000  ,AirfoilBacking-1
5130  ,1.047e-02  ,-3.04810047  ,-0.00000000  ,0.00000000  ,AirfoilBacking-1
5134  ,3.107e-02  ,-3.05137944  ,-0.00000000  ,-1.00000000  ,AirfoilBacking-1
5135  ,6.513e-03  ,-5.68185186  ,-0.00000000  ,-0.50000000  ,AirfoilBacking-1
5149  ,2.369e-01  ,125.07733917  ,100.00000000  ,-0.50000000  ,AirfoilBacking-1
5150  ,8.350e-04  ,-12.55807686  ,-0.00000000  ,-0.50000000  ,AirfoilBacking-1
5153  ,1.325e-01  ,212.49829102  ,-0.00000000  ,-1.00000000  ,AirfoilBacking-1
5158  ,1.585e-01  ,207.91018677  ,-0.00000000  ,0.00000000  ,AirfoilBacking-1
5184  ,1.046e-03  ,-12.56331825  ,-0.00000000  ,-1.00000000  ,AirfoilBacking-1
5232  ,1.153e+00  ,116.04909515  ,-0.00000000  ,0.00000000  ,AirfoilBacking-1
5262  ,1.587e-01  ,202.97584534  ,-0.00000000  ,-1.00000000  ,AirfoilBacking-1
5328  ,4.562e-02  ,99.69690704  ,-0.00000000  ,0.00000000  ,AirfoilBacking-1
5330  ,8.482e-01  ,66.99250793  ,-0.00000000  ,0.00000000  ,AirfoilBacking-1
5354  ,2.402e-03  ,-7.98274851  ,-0.00000000  ,-0.50000000  ,AirfoilBacking-1
5355  ,4.463e-03  ,-7.98631668  ,-0.00000000  ,-1.00000000  ,AirfoilBacking-1
5362  ,1.616e-01  ,212.49505615  ,-0.00000000  ,0.00000000  ,AirfoilBacking-1
5376  ,2.220e-01  ,21.13581085  ,-0.00000000  ,-1.00000000  ,AirfoilBacking-1
5377  ,1.287e+00  ,140.60462952  ,-0.00000000  ,-0.50000000  ,AirfoilBacking-1
5378  ,7.694e-01  ,132.45950317  ,-0.00000000  ,-1.00000000  ,AirfoilBacking-1
5383  ,-4.448e-02  ,-2.66087079  ,100.00000000  ,-1.00000000  ,AirfoilBacking-1
5384  ,-7.982e-01  ,133.23880005  ,100.00000000  ,0.00000000  ,AirfoilBacking-1
5385  ,8.652e-05  ,-7.97942352  ,-0.00000000  ,0.00000000  ,AirfoilBacking-1
5406  ,1.306e-01  ,148.75349426  ,-0.00000000  ,0.00000000  ,AirfoilBacking-1
5427  ,1.230e+00  ,164.65965271  ,-0.00000000  ,0.00000000  ,AirfoilBacking-1
5428  ,-9.512e-01  ,165.37373352  ,100.00000000  ,-1.00000000  ,AirfoilBacking-1
